{
  "project_info": {
    "project_number": "566095715067",
    "firebase_url": "https://madmax.firebaseio.com",
    "project_id": "project-5209993566685365272",
    "storage_bucket": "project-5209993566685365272.appspot.com"
  },
  "client": [
    {
      "client_info": {
        "mobilesdk_app_id": "1:566095715067:android:edbf2413d4d1b8e2",
        "android_client_info": {
          "package_name": "com.example.mad_max.madmaxusers"
        }
      },
      "oauth_client": [
        {
          "client_id": "566095715067-kjhdfjjdlfrtool5ode4i6315q99q68a.apps.googleusercontent.com",
          "client_type": 3
        }
      ],
      "api_key": [
        {
          "current_key": "AIzaSyACCepegTAo29Nir88GUiviX25HvI87xY0"
        }
      ],
      "services": {
        "analytics_service": {
          "status": 1
        },
        "appinvite_service": {
          "status": 1,
          "other_platform_oauth_client": []
        },
        "ads_service": {
          "status": 2
        }
      }
    },
    {
      "client_info": {
        "mobilesdk_app_id": "1:566095715067:android:73164ba39c0c981c",
        "android_client_info": {
          "package_name": "com.mad_max.users"
        }
      },
      "oauth_client": [
        {
          "client_id": "566095715067-kjhdfjjdlfrtool5ode4i6315q99q68a.apps.googleusercontent.com",
          "client_type": 3
        }
      ],
      "api_key": [
        {
          "current_key": "AIzaSyACCepegTAo29Nir88GUiviX25HvI87xY0"
        }
      ],
      "services": {
        "analytics_service": {
          "status": 1
        },
        "appinvite_service": {
          "status": 1,
          "other_platform_oauth_client": []
        },
        "ads_service": {
          "status": 2
        }
      }
    }
  ],
  "configuration_version": "1"
}